sex,detour_trial_1_prop_time_in_social_reward_following_solution,detour_trial_1_date_of_trial,detour_trial_1_time_of_trial,detour_trial_1_did_fish_solve_barrier_problem,detour_trial_1_did_fish_solve_full_social_problem,detour_trial_1_full_problem_time_to_social_reward_minus_time_to_contact_barrier,detour_trial_1_barrier_problem_time_around_barrier_minus_time_to_contact_barrier,detour_trial_1_time_from_barrier_contact_minus_time_to_end_of_alley,time_to_barrier_contact_minus_start_time,scorer,shuttlebox_start_side,shuttlebox_average_distance_from_correct_stimulus_during_stimulus,shuttlebox_average_distance_from_correct_stimulus_during_gaps,shuttlebox_slope,shuttlebox_wilcox_test,binned_shuttlebox_slope,binned_shuttlebox_wilcox_test,shuttlebox_average_proportion_of_time_on_correct_side_during_gaps,shuttlebox_average_proportion_of_time_on_correct_side_during_stimulus,shuttlebox_proportion_of_time_on_correct_side_during_gaps_slope_across_presentations,shuttlebox_proportion_of_time_on_correct_side_during_stimulus_slope_across_presentations,binned_shuttlebox_average_proportion_of_time_on_correct_side_during_gaps,binned_shuttlebox_average_proportion_of_time_on_the_correct_side_during_stimulus,binned_shuttlebox_proportion_of_time_on_correct_side_during_gaps_slope_across_presentations,binned_shuttlebox_proportion_of_time_on_correct_side_during_stimulus_slope_across_presentations,did_fish_solve_shuttlebox,binned_did_fish_solve_shuttlebox,twentythree_filtered_shuttlebox_average_distance_from_correct_stimulus_during_stimulus,twentythree_filtered_shuttlebox_average_distance_from_correct_stimulus_during_gaps,twentythree_filtered_shuttlebox_slope,twentythree_filtered_shuttlebox_wilcox_test,twentythree_filtered_binned_shuttlebox_slope,twentythree_filtered_binned_shuttlebox_wilcox_test,twentythree_filtered_shuttlebox_average_proportion_of_time_on_correct_side_during_gaps,twentythree_filtered_shuttlebox_average_proportion_of_time_on_correct_side_during_stimulus,twentythree_filtered_shuttlebox_proportion_of_time_on_correct_side_during_gaps_slope_across_presentations,twentythree_filtered_shuttlebox_proportion_of_time_on_correct_side_during_stimulus_slope_across_presentations,twentythree_filtered_binned_shuttlebox_average_proportion_of_time_on_correct_side_during_gaps,twentythree_filtered_binned_shuttlebox_average_proportion_of_time_on_the_correct_side_during_stimulus,twentythree_filtered_binned_shuttlebox_proportion_of_time_on_correct_side_during_gaps_slope_across_presentations,twentythree_filtered_binned_shuttlebox_proportion_of_time_on_correct_side_during_stimulus_slope_across_presentations,standard_length,order,average_number_of_entries,average_reaction_time,average_performance_across_all_9_testing_trials_using_full_4_minutes_data,average_performance_across_all_9_testing_trials_using_T30_to_T50_data,total_number_of_testing_trials_using_full_4_minutes_data,total_number_of_testing_trials_using_T30_to_T50_data,number_of_trials_on_0.50_ratio_using_full_4_minutes_data,number_of_trials_on_0.67_ratio_using_full_4_minutes_data,number_of_trials_on_0.75_ratio_using_full_4_minutes_data,number_of_trials_on_0.50_ratio_using_T30_to_T50_data,number_of_trials_on_0.67_ratio_using_T30_to_T50_data,number_of_trials_on_0.75_ratio_using_T30_to_T50_data,median_performance_on_0.50_ratio_using_full_4_minutes_data,median_performance_on_0.67_ratio_using_full_4_minutes_data,median_performance_on_0.75_ratio_using_full_4_minutes_data,median_performance_on_0.50_ratio_using_T30_to_T50_data,median_performance_on_0.67_ratio_using_T30_to_T50_data,median_performance_on_0.75_ratio_using_T30_to_T50_data,number_of_medians_above_60_using_full_4_minutes_data,number_of_medians_above_60_using_T30_to_T50_data,shapiro_wilk_test_p_value_using_full_4_minutes_data,was_average_performance_significantly_different_from_0.5_full_4_minutes_p_value_of_either_t_test_or_wilcox,shapiro_wilk_test_p_value_using_T30_to_T50_data,was_average_performance_significantly_different_from_0.5_T30_to_T50_p_value_of_either_t_test_or_wilcox,learning_category_according_to_etheredge_T30_to_T50,learning_category_according_to_etheredge_full_4_minutes,average_latency_to_enter_correct_side,average_latency_to_enter_incorrect_side,average_latency_to_enter_correct_side_filtered_just_correct_choice,proportion_of_correct_first_choices,number_of_trials_in_a_row_greater_than_60_percent_full_4_minutes,number_of_trials_in_a_row_greater_than_60_percent_T30_to_T50,number_of_trials_in_a_row_correct_choice_first,mean_of_median_performance_on_each_ratio_full_four_minutes_data,mean_of_median_performance_on_each_ratio_T30_to_T50_data
M,0.394736842,10_17_2017,2:36,1,1,3,1,4,445,DH,L,627.8988764,637.6161616,0.398958529,0.121663489,1.333943834,0.121663489,0.4,0.408333333,-0.021802002,-0.02541713,0.4,0.408333333,-0.064646465,-0.078282828,0,0,627.8988764,637.6161616,0.398958529,0.121663489,1.333943834,0.121663489,0.52173913,0.532608696,-0.006916996,-0.014081028,0.520833333,0.515625,-0.017857143,-0.053075397,1997,NDS,13.88888889,27.10655556,0.579641783,0.6,8,5,2,3,3,2,2,1,0.962077835,0.137407889,0.575570708,1,0,1,1,2,0.018237767,0.723008711,0.006470001,0.765594484,low,low,65.97083333,102.6265,65.97083333,0.5,2,2,1,0.558352144,0.666666667
F,0.012237762,9_6_2017,3:48,1,1,6,3,2,22,DH,NA,NA,NA,NA,NA,NA,NA,NA,NA,NA,NA,NA,NA,NA,NA,NA,NA,NA,NA,NA,NA,NA,NA,NA,NA,NA,NA,NA,NA,NA,NA,NA,NA,NA,NA,NA,NA,NA,NA,NA,NA,NA,NA,NA,NA,NA,NA,NA,NA,NA,NA,NA,NA,NA,NA,NA,NA,NA,NA,NA,NA,NA,NA,NA,NA,NA,NA,NA
M,0.092982456,08_24_2017,2:13,1,1,7,1,4,23,DH,L,664.575,654.3551402,-2.976404398,0.617684018,-8.05710789,0.617684018,0.494444444,0.475,0.004041528,-5.01E-04,0.491043084,0.475,0.009255824,-5.05E-04,0,0,642.9673913,681.0434783,1.923528766,0.068827628,7.04286141,0.068827628,0.461352657,0.5,-0.001866491,0.006916996,0.446759259,0.5,-0.016093474,0.01984127,2336,SDN,87.88888889,2.433333333,0.468495217,0.44667021,9,9,3,3,3,3,3,3,0.526828489,0.312320917,0.429139073,0.370253165,0.406077348,0.492625369,0,0,0.665492979,0.562183805,0.860880661,0.433913114,non,non,8.272222222,8.428125,8.272222222,0.75,1,1,3,0.422762826,0.422985294
F,0.023090586,12_13_2017,11:00,1,1,8,6,8,29,KW,L,658.6583333,648.0747664,-4.438414766,0.464308243,-12.87637144,0.464308243,0.533333333,0.533333333,-0.001334816,-0.00756396,0.529931973,0.533333333,-0.005895692,-0.024242424,0,0,610.1195652,669.1376812,-3.018445323,0.890608492,-9.903183137,0.890608492,0.52173913,0.565217391,-0.006916996,-0.005928854,0.520833333,0.5625,-0.017857143,-0.021825397,2490,NSD,74.11111111,2.496111111,0.516838463,0.541173846,9,9,3,3,3,3,3,3,0.465316574,0.537735849,0.430589514,0.768760908,0.5,0.538461538,0,1,0.888404112,0.787338407,0.486636653,0.724650948,low,non,16.94142857,6.882222222,4.67,0.285714286,2,1,1,0.477880645,0.602407482
F,0.09057971,8_24_2017,1:38,1,1,16,8,4,32,DH,L,781.6034483,625.503861,-7.094130552,0.86486986,-26.07005496,0.86486986,0.501851852,0.35,0.004115684,0.005005562,0.505253212,0.35,0.019475939,0.013131313,0,0,841.8043478,622.0241546,-15.85155907,0.463340395,-52.06722564,0.463340395,0.52173913,0.293478261,0.01850022,-0.006916996,0.53587963,0.28125,0.063161376,-0.026785714,3350,SDN,50.33333333,5.608333333,0.499523616,0.423055377,9,9,3,3,3,3,3,3,0.504904586,0.389242116,0.513480392,0.312684366,0.701621249,0,0,1,0.451088022,0.99394003,0.131809455,0.58250179,low,non,24.924,16.14375,24.924,0.571428571,2,2,2,0.469209031,0.338101871
F,0.035971223,9_6_2017,3:29,1,1,31,28,7,152,DH,NA,NA,NA,NA,NA,NA,NA,NA,NA,NA,NA,NA,NA,NA,NA,NA,NA,NA,NA,NA,NA,NA,NA,NA,NA,NA,NA,NA,NA,NA,NA,NA,NA,NA,NA,NA,NA,NA,NA,NA,NA,NA,NA,NA,NA,NA,NA,NA,NA,NA,NA,NA,NA,NA,NA,NA,NA,NA,NA,NA,NA,NA,NA,NA,NA,NA,NA,NA
M,0.30198915,12_3_2017,2:51,1,1,34,8,3,13,BW,L,715.9083333,641.3981308,-1.678853659,0.709919872,-7.497820719,0.709919872,0.498148148,0.425,0.003176369,0.00862069,0.494746788,0.425,0.009929224,0.024747475,0,0,718.1304348,656.6449275,1.211023276,0.965781495,-2.61192183,0.965781495,0.475845411,0.423913043,-5.49E-04,0.018774704,0.476851852,0.427083333,0.004850088,0.048611111,1025,SDN,37.44444444,18.20277778,0.422475633,0.375,9,8,3,3,3,3,2,3,0.180690889,0.745578575,0,0,0.5,0,1,0,0.024113763,0.4372186,4.79E-04,0.52965067,non,low,100.81875,71.34166667,100.81875,1,2,1,1,0.308756488,0.166666667
M,0.493457944,12_3_2017,2:33,1,1,35,31,3,30,BW,NA,NA,NA,NA,NA,NA,NA,NA,NA,NA,NA,NA,NA,NA,NA,NA,NA,NA,NA,NA,NA,NA,NA,NA,NA,NA,NA,NA,NA,NA,NA,1019,SDN,28.11111111,16.86944444,0.396274432,0.5,9,6,3,3,3,3,1,2,0.441777248,0.369208581,0.215951335,1,0,0.5,0,1,0.451854529,0.363472941,0.004039329,1,low,non,50.828125,67.92916667,50.828125,0.6,1,2,3,0.342312388,0.5
M,0.354938272,8_31_2017,10:50,1,1,43,37,232,233,DH,R,583.8416667,646.3457944,-3.411856755,0.396199788,-9.794542136,0.396199788,0.500997151,0.55,0.002392972,-0.004338154,0.503250189,0.55,0.008057903,-0.013131313,0,0,579.326087,653.6135266,-3.439284146,0.280136347,-8.335658815,0.280136347,0.497584541,0.554347826,0.002964427,-0.007905138,0.497685185,0.552083333,0.005952381,-0.020833333,2330,NSD,61.11111111,2.008888889,0.510359014,0.524902874,9,7,3,3,3,2,2,3,0.553282929,0.615110478,0.408881579,0.688971579,0.5,0.408376963,1,1,0.995135199,0.884015062,0.184633122,0.881429841,low,low,54.819375,46.2525,54.819375,0.2,2,2,1,0.525758328,0.532449514
M,0.036324786,8_31_2017,11:29,1,1,56,21,6,76,DH,NA,NA,NA,NA,NA,NA,NA,NA,NA,NA,NA,NA,NA,NA,NA,NA,NA,NA,NA,NA,NA,NA,NA,NA,NA,NA,NA,NA,NA,NA,NA,2380,NSD,61.11111111,5.952777778,0.4963602,0.394498282,9,9,3,3,3,3,3,3,0.221719457,0.594307163,0.729611041,0.105973025,0.249847032,0.506072874,1,0,0.879930194,0.971227514,0.101516294,0.43630054,non,low,12.668625,33.38022222,4.58125,0.5,1,1,2,0.515212554,0.287297644
F,0.373540856,10_31_2017,3:46,1,1,58,47,8,28,DH,R,706.2333333,643.6392523,0.352931212,0.753562102,1.338995169,0.753562102,0.490740741,0.45,-0.001495489,0.010122358,0.494331066,0.45,-0.002643212,0.031313131,0,0,744.6195652,631.2439614,-2.957345191,0.60900035,-6.698583376,0.60900035,0.509661836,0.402173913,0.00307422,0.005434783,0.509259259,0.40625,0.00617284,0.020833333,NA,NA,NA,NA,NA,NA,NA,NA,NA,NA,NA,NA,NA,NA,NA,NA,NA,NA,NA,NA,NA,NA,NA,NA,NA,NA,NA,NA,NA,NA,NA,NA,NA,NA,NA,NA,NA
M,0.05019305,10_17_2017,2:17,1,1,66,62,1,16,DH,L,650.15,636.1233645,0.555008007,0.521367675,0.514329576,0.521367675,0.533333333,0.533333333,-0.001334816,-0.00756396,0.529931973,0.533333333,-0.005895692,-0.024242424,0,0,625.7717391,650.2391304,5.189448836,0.935540332,11.92473118,0.935540332,0.52173913,0.565217391,-0.006916996,-0.005928854,0.520833333,0.5625,-0.017857143,-0.021825397,NA,NA,NA,NA,NA,NA,NA,NA,NA,NA,NA,NA,NA,NA,NA,NA,NA,NA,NA,NA,NA,NA,NA,NA,NA,NA,NA,NA,NA,NA,NA,NA,NA,NA,NA,NA,NA
F,0.670658683,12_3_2017,3:27,1,1,75,61,4,358,BW,L,686.2083333,682.1345794,-2.435533967,0.013563751,-9.290097692,0.013563751,0.455555556,0.441666667,0.001334816,0.007397108,0.458956916,0.441666667,0.007915894,0.021717172,1,1,722.1086957,680.5410628,-5.381587615,0.011821865,-19.19704728,0.011821865,0.463768116,0.402173913,0.005764163,0.002964427,0.471064815,0.40625,0.023037919,0.010912698,1319,SDN,20.55555556,36.08344444,NaN,NaN,0,0,0,0,0,0,0,0,NA,NA,NA,NA,NA,NA,0,0,NA,NA,NA,NA,non,non,NaN,NaN,NaN,NaN,0,0,0,NaN,NaN
M,0.077235772,9_13_2017,12:23,1,1,76,17,7,32,DH,NA,NA,NA,NA,NA,NA,NA,NA,NA,NA,NA,NA,NA,NA,NA,NA,NA,NA,NA,NA,NA,NA,NA,NA,NA,NA,NA,NA,NA,NA,NA,1961,DNS,51.33333333,2.266666667,0.535965031,0.574675325,9,9,3,3,3,3,3,3,0.466262049,0.752932862,0.475393429,0.172077922,1,1,1,2,0.176354878,0.61044012,0.001031713,0.563702862,low,low,17.86388889,46.36875,17.86388889,0.75,2,2,3,0.56486278,0.724025974
M,0.947686117,8_24_2017,2:42,1,1,91,89,5,12,DH,L,665.2083333,663.9551402,-2.856766663,0.343647612,-7.793829308,0.343647612,0.468518519,0.466666667,0.002335929,0.008676307,0.471730915,0.466666667,0.008149522,0.028282828,0,0,704.326087,663.0169082,-6.457290294,0.531843963,-16.35272657,0.531843963,0.473429952,0.423913043,0.007246377,0.004693676,0.476851852,0.427083333,0.018959436,0.020833333,NA,NA,NA,NA,NA,NA,NA,NA,NA,NA,NA,NA,NA,NA,NA,NA,NA,NA,NA,NA,NA,NA,NA,NA,NA,NA,NA,NA,NA,NA,NA,NA,NA,NA,NA,NA,NA
F,0.040816327,10_17_2017,10:07,1,1,120,7,11,333,DH,R,592.575,636.8,3.276825024,0.982380604,10.1104949,0.982380604,0.512962963,0.55,-0.002484242,0.003003337,0.508049887,0.55,-0.010648434,0.008080808,0,0,596.7391304,612.5845411,-1.075263505,0.296247562,-4.144521249,0.296247562,0.533816425,0.543478261,0.001152833,0.007411067,0.534722222,0.541666667,0.00462963,0.017857143,2695,NDS,46.85714286,12.46857143,0.476812706,0.714285714,7,7,2,2,3,2,2,3,0.536705498,0.473569449,0.45549838,0.5,1,1,0,2,0.718210273,0.582389621,2.75E-04,0.298617674,low,non,17.605,35.875,17.605,1,1,5,3,0.488591109,0.833333333
F,0.462295082,9_13_2017,11:29,1,1,285,22,5,10,DH,NA,NA,NA,NA,NA,NA,NA,NA,NA,NA,NA,NA,NA,NA,NA,NA,NA,NA,NA,NA,NA,NA,NA,NA,NA,NA,NA,NA,NA,NA,NA,3036,DNS,70.33333333,4.794666667,0.500359296,0.578846788,9,9,3,3,3,3,3,3,0.491987179,0.516297923,0.474245115,0.506896552,0.528169014,0.830088496,0,1,0.417418971,0.990046079,0.17921644,0.545679233,low,non,10.33366667,11.215875,10.33366667,0.6,1,2,1,0.494176739,0.62171802
F,0.190082645,10_17_2017,9:47,1,1,289,283,11,190,DH,R,647.7833333,639.6261682,1.266410923,0.619722625,3.131909823,0.619722625,0.5,0.5,-0.003337041,0.003337041,0.503401361,0.5,-0.008245723,0.01010101,0,0,650.9673913,639.0193237,2.54605841,0.69441801,6.173088411,0.69441801,0.52173913,0.47826087,-1.74E-17,-1.05E-17,0.520833333,0.479166667,-0.001984127,0.001984127,NA,NA,NA,NA,NA,NA,NA,NA,NA,NA,NA,NA,NA,NA,NA,NA,NA,NA,NA,NA,NA,NA,NA,NA,NA,NA,NA,NA,NA,NA,NA,NA,NA,NA,NA,NA,NA
F,0.122641509,12_3_2017,3:07,1,1,354,351,17,34,BW,L,669.6666667,637.4915888,-0.613390508,0.846276262,-3.550915727,0.846276262,0.504843305,0.466666667,0.001332915,0.006562848,0.499697657,0.466666667,0.002977622,0.02020202,0,0,676.3152174,653.1666667,2.114624506,0.47454288,1.13989162,0.47454288,0.485507246,0.467391304,-0.002140975,0.014822134,0.481481481,0.46875,-0.003527337,0.036706349,1450,SDN,38.77777778,2.430555556,0.46619737,0.492972347,6,2,3,3,0,1,1,0,0.019257221,0.883680556,NA,0.115702479,0.870242215,NA,1,1,0.039438791,0.752493649,NA,NA,NA,low,46,70.825,46,0.666666667,1,1,2,0.451468889,0.492972347
M,0.286666667,12_3_2017,2:15,1,1,358,218,6,92,BW,L,677.6666667,649.1831776,0.080476377,0.88408365,2.601569512,0.88408365,0.485185185,0.458333333,-7.66E-04,0.00839822,0.488586546,0.458333333,-0.00263405,0.027777778,0,0,710.75,637.3985507,-3.432257356,0.966436149,-4.199586107,0.966436149,0.502415459,0.423913043,0.004172156,0.006916996,0.502314815,0.427083333,0.005511464,0.026785714,1097,SDN,37.88888889,16.225,0.456245293,0.562922297,9,8,3,3,3,3,3,2,0.6522158,0.509541512,0.227605279,1,1,0,1,2,0.997719319,0.632592567,0.005699929,0.706255962,low,low,33.19285714,32.959375,33.19285714,0.5,1,2,1,0.463120863,0.666666667
F,1,12_13_2017,10:41,1,1,494,487,5,40,KW,L,605.1,605.153271,-0.795398977,0.090564949,-0.075020934,0.090564949,0.533333333,0.533333333,-0.001334816,-0.00756396,0.529931973,0.533333333,-0.005895692,-0.024242424,0,0,574.0869565,625.5531401,4.434398331,0.537243804,14.58322666,0.537243804,0.52173913,0.565217391,-0.006916996,-0.005928854,0.520833333,0.5625,-0.017857143,-0.021825397,2710,NSD,25.33333333,20.83333333,0.43194747,0.394990366,9,6,3,3,3,1,2,3,0.354417671,0.293774685,0.643157684,0.369942197,0.5,0,1,0,0.688745212,0.572004059,0.025847559,0.656721287,non,low,88.55714286,56.99166667,88.55714286,0,2,2,0,0.430450013,0.289980732
M,NA,10_31_2017,2:40,1,0,NA,5,4,295,DH,L,551.775,626.2565543,4.300984487,0.302897564,12.40236368,0.302897564,0.501851852,0.583333333,-0.004931405,-0.00567297,0.505253212,0.583333333,-0.012173893,-0.019191919,0,0,544.8804348,607.5060533,3.353024711,0.218769495,9.820312108,0.218769495,0.524154589,0.586956522,-0.003348704,-0.011363636,0.523148148,0.583333333,-0.009259259,-0.035714286,NA,NA,NA,NA,NA,NA,NA,NA,NA,NA,NA,NA,NA,NA,NA,NA,NA,NA,NA,NA,NA,NA,NA,NA,NA,NA,NA,NA,NA,NA,NA,NA,NA,NA,NA,NA,NA
M,NA,9_6_2017,1:22,1,0,NA,10,5,14,DH,NA,NA,NA,NA,NA,NA,NA,NA,NA,NA,NA,NA,NA,NA,NA,NA,NA,NA,NA,NA,NA,NA,NA,NA,NA,NA,NA,NA,NA,NA,NA,2050,DSN,57.83333333,6.7375,0.591774634,0.559334422,6,6,3,1,2,3,1,2,0.56496742,0.714048698,0.570924912,0.103365385,1,0.626320573,1,2,0.866700024,0.166378422,0.293659722,0.749084243,low,low,11.1926,42.4674,11.1926,0.5,2,1,1,0.61664701,0.576561986
F,NA,10_17_2017,9:24,1,0,NA,17,6,18,DH,R,747.3916667,605.7682243,7.219671423,0.011380249,23.70007729,0.011380249,0.532051282,0.375,-0.005785155,0.012291435,0.532123961,0.375,-0.019514877,0.037878788,1,1,752.8695652,588.7149758,8.301767677,6.47E-04,28.79663765,6.47E-04,0.54589372,0.369565217,-0.006532718,0.0256917,0.543981481,0.375,-0.022707231,0.073412698,2879,NDS,113.8888889,2.205555556,0.579877122,0.555676856,9,8,2,3,3,2,3,2,0.684231379,1,0.211352657,0.722707424,1,0.5,2,2,0.030314825,0.546493595,0.005711009,0.821097584,low,low,39.69285714,18.1098,39.69285714,0.333333333,2,3,1,0.631861345,0.740902475
F,NA,8_31_2017,12:07,1,0,NA,20,4,5,DH,R,639.5166667,646.764486,-2.348028896,0.642582488,-6.207561997,0.642582488,0.482193732,0.491666667,0.001522109,-5.56E-05,0.484882842,0.491666667,0.005446758,0.001515152,0,0,623.326087,665.6642512,0.125768555,0.216551161,-2.425840587,0.216551161,0.463768116,0.510869565,-0.001262626,0.005434783,0.465277778,0.510416667,6.61E-04,0.012896825,3437,NSD,101,2.566666667,0.49369367,0.533716181,9,9,3,3,3,3,3,3,0.61125,0.441868888,0.337324666,0.733858268,0.66,0.280487805,1,2,0.065151075,0.919067964,0.25645194,0.663658514,low,low,3.9875,5.717857143,3.9875,0.5,2,2,3,0.463481185,0.558115358
F,NA,10_31_2017,1:06,1,0,NA,36,9,414,DH,L,745.025,667.8635514,-2.327906955,0.05223765,-7.027096082,0.05223765,0.45982906,0.366666667,0.001964196,0.010901001,0.460090703,0.366666667,0.00584072,0.033333333,0,0,784.0434783,682.3405797,0.901844532,0.017118805,2.821492576,0.017118805,0.442028986,0.315217391,-0.00274484,0.005187747,0.439814815,0.322916667,-0.009700176,0.020833333,NA,NA,NA,NA,NA,NA,NA,NA,NA,NA,NA,NA,NA,NA,NA,NA,NA,NA,NA,NA,NA,NA,NA,NA,NA,NA,NA,NA,NA,NA,NA,NA,NA,NA,NA,NA,NA
M,NA,10_17_2017,10:29,1,0,NA,285,15,97,DH,L,698.7583333,675.2299065,-4.117102594,0.228683201,-11.81452925,0.228683201,0.468518519,0.45,0.005401063,0.007119021,0.465117158,0.45,0.013745161,0.022222222,0,0,692.173913,700.4565217,-0.787768994,0.009075149,-2.389571599,0.009075149,0.437198068,0.456521739,0.001317523,0.016798419,0.439814815,0.458333333,0.005291005,0.047619048,NA,NA,NA,NA,NA,NA,NA,NA,NA,NA,NA,NA,NA,NA,NA,NA,NA,NA,NA,NA,NA,NA,NA,NA,NA,NA,NA,NA,NA,NA,NA,NA,NA,NA,NA,NA,NA
M,NA,9_13_2017,12:06,0,0,NA,NA,28,33,DH,NA,NA,NA,NA,NA,NA,NA,NA,NA,NA,NA,NA,NA,NA,NA,NA,NA,NA,NA,NA,NA,NA,NA,NA,NA,NA,NA,NA,NA,NA,NA,1968,DNS,35.75,13.6425,0.445663322,0.432016472,8,8,3,3,2,3,3,2,0.271018593,0.555489614,0.445308929,0,1,0.152772402,0,1,0.424710621,0.583136849,0.124294785,0.659064063,low,non,14.733,27.59,14.733,0.5,2,1,1,0.423939045,0.384257467
F,NA,9_13_2017,11:10,0,0,NA,NA,5,10,DH,NA,NA,NA,NA,NA,NA,NA,NA,NA,NA,NA,NA,NA,NA,NA,NA,NA,NA,NA,NA,NA,NA,NA,NA,NA,NA,NA,NA,NA,NA,NA,2687,DNS,60,3.724333333,0.534507737,0.400035696,9,8,3,3,3,3,3,2,0.880308721,0.60567112,0.533615305,0,0.07501084,0.562637363,2,0,0.245130048,0.76694766,0.001931191,0.883565839,non,low,50.29116667,42.492,50.29116667,0.5,3,3,2,0.673198382,0.212549401
F,NA,8_31_2017,11:10,0,0,NA,NA,8,12,DH,R,609.4416667,589.1962617,-6.350859163,0.010774364,-18.09042834,0.010774364,0.553703704,0.525,0.005153875,0.003058954,0.557105064,0.525,0.016557869,0.008585859,1,1,636.8804348,569.6859903,-20.67550505,4.46E-04,-58.85961768,4.46E-04,0.579710145,0.489130435,0.021135266,-0.00444664,0.584490741,0.484375,0.057208995,-0.016369048,NA,NA,NA,NA,NA,NA,NA,NA,NA,NA,NA,NA,NA,NA,NA,NA,NA,NA,NA,NA,NA,NA,NA,NA,NA,NA,NA,NA,NA,NA,NA,NA,NA,NA,NA,NA,NA
F,NA,12_13_2017,12:18,0,0,NA,NA,1,13,KW,L,654.75,625.4168224,-0.544126544,0.229437192,-3.006366076,0.229437192,0.533333333,0.533333333,-0.001334816,-0.00756396,0.529931973,0.533333333,-0.005895692,-0.024242424,0,0,651.3695652,644.6135266,5.417380325,0.735322665,15.21735791,0.735322665,0.52173913,0.565217391,-0.006916996,-0.005928854,0.520833333,0.5625,-0.017857143,-0.021825397,2823,NSD,37.77777778,12.03888889,0.434527352,0.420796824,9,8,3,3,3,3,3,2,0.42611276,0.430580491,0.206849315,0,0.225680934,0.5,0,0,0.243340346,0.611767937,0.00870684,0.71961074,non,non,51.81,23.72916667,51.81,0,1,1,0,0.354514188,0.241893645
M,NA,12_13_2017,12:00,0,0,NA,NA,1,19,KW,L,656.3583333,627.2130841,0.389386143,0.131806386,0.003169082,0.131806386,0.533333333,0.533333333,-0.001334816,-0.00756396,0.529931973,0.533333333,-0.005895692,-0.024242424,0,0,660.8043478,623.9710145,-0.261802811,0.296580915,-3.268454514,0.296580915,0.52173913,0.565217391,-0.006916996,-0.005928854,0.520833333,0.5625,-0.017857143,-0.021825397,2156,NSD,26.55555556,12.28355556,0.180691394,0.333333333,7,3,1,3,3,0,1,2,0.038020404,0.126995142,0,NA,1,0,0,1,0.010593675,0.050242919,0,0.772829993,low,non,94.125,86.32514286,94.125,0.666666667,1,1,2,0.055005182,0.5
F,NA,12_3_2017,3:45,0,0,NA,NA,4,23,BW,L,663.3,634.671028,-0.634637202,0.898335759,-0.335048846,0.898335759,0.512962963,0.475,0.001149425,8.34E-04,0.509561602,0.475,5.27E-05,5.05E-04,0,0,651.2065217,648.1062802,2.81302152,0.347269439,10.70491978,0.347269439,0.495169082,0.489130435,-0.003513395,0.00666996,0.49537037,0.489583333,-0.011022928,0.012896825,1535,SDN,52.11111111,3.913888889,0.271544319,0.44736405,8,8,3,3,2,3,3,2,0.454459203,0.068488024,0.14763062,0.707317073,0,0.435797665,0,1,0.038232468,0.139526968,0.00776357,0.608247652,low,non,55.325,25.54,25.005,0.666666667,1,2,1,0.223525949,0.381038246
M,NA,8_24_2017,2:25,0,0,NA,NA,3,22,DH,L,681.475,669.153271,-4.836529661,0.19119938,-13.03747075,0.19119938,0.462962963,0.45,0.004746014,0.001223582,0.466364324,0.45,0.014874367,0.005050505,0,0,712.4565217,663.2995169,-12.11621651,0.372496508,-31.90034562,0.372496508,0.473429952,0.413043478,0.014108476,-0.009881423,0.478009259,0.395833333,0.036926808,-0.033730159,2235,SDN,29.44444444,32.61666667,0.317910332,0.239828544,9,9,3,3,3,3,3,3,0.476428571,0.031117397,0.112409928,0,0,0,0,0,0.051235141,0.182728465,5.87E-04,0.080708134,non,non,53.82,5.7875,53.82,0,2,2,0,0.206651966,0
F,NA,10_10_2017,1:07,0,0,NA,NA,8,56,DH,NA,NA,NA,NA,NA,NA,NA,NA,NA,NA,NA,NA,NA,NA,NA,NA,NA,NA,NA,NA,NA,NA,NA,NA,NA,NA,NA,NA,NA,NA,NA,3066,SND,20.22222222,14.63055556,0.412592044,0.196347032,9,6,3,3,3,2,2,2,0.428520968,0.44810705,0.302758621,0.5,0,0.089041096,0,0,0.645156853,0.443607272,4.58E-04,0.182422439,non,non,63.875,72.102125,63.875,0.5,2,1,2,0.39312888,0.196347032
M,NA,12_13_2017,11:42,0,0,NA,NA,4,84,KW,L,626.6916667,631.364486,2.396306656,0.46436197,6.211330113,0.46436197,0.533333333,0.533333333,-0.001334816,-0.00756396,0.529931973,0.533333333,-0.005895692,-0.024242424,0,0,593.5869565,628.7801932,3.486824769,0.68396659,7.891726404,0.68396659,0.52173913,0.565217391,-0.006916996,-0.005928854,0.520833333,0.5625,-0.017857143,-0.021825397,2023,NSD,55,3.682111111,0.321431082,0.256215761,8,6,3,2,3,2,1,3,0.526666667,0.199677568,0,0.768647282,0,0,0,1,0.153772144,0.185707922,0.006840978,0.266520526,low,non,39.583,16.19214286,39.583,0.5,1,1,1,0.242114745,0.256215761
M,NA,10_10_2017,2:09,0,0,NA,NA,3,107,DH,NA,NA,NA,NA,NA,NA,NA,NA,NA,NA,NA,NA,NA,NA,NA,NA,NA,NA,NA,NA,NA,NA,NA,NA,NA,NA,NA,NA,NA,NA,NA,NA,NA,NA,NA,NA,NA,NA,NA,NA,NA,NA,NA,NA,NA,NA,NA,NA,NA,NA,NA,NA,NA,NA,NA,NA,NA,NA,NA,NA,NA,NA,NA,NA,NA,NA,NA,NA
F,NA,10_10_2017,12:45,0,0,NA,NA,7,131,DH,NA,NA,NA,NA,NA,NA,NA,NA,NA,NA,NA,NA,NA,NA,NA,NA,NA,NA,NA,NA,NA,NA,NA,NA,NA,NA,NA,NA,NA,NA,NA,2868,SND,112.8888889,1.528333333,0.49214985,0.678058673,9,9,3,3,3,3,3,3,0.597459483,0.421826269,0.496733956,1,0.400779085,1,0,2,0.568802474,0.851717088,0.0251629,0.184624516,low,non,17.58175,16.35611111,17.58175,0.5,1,3,2,0.505339903,0.800259695
F,NA,8_31_2017,11:48,0,0,NA,NA,9,157,DH,NA,NA,NA,NA,NA,NA,NA,NA,NA,NA,NA,NA,NA,NA,NA,NA,NA,NA,NA,NA,NA,NA,NA,NA,NA,NA,NA,NA,NA,NA,NA,NA,NA,NA,NA,NA,NA,NA,NA,NA,NA,NA,NA,NA,NA,NA,NA,NA,NA,NA,NA,NA,NA,NA,NA,NA,NA,NA,NA,NA,NA,NA,NA,NA,NA,NA,NA,NA
M,NA,9_6_2017,1:01,0,0,NA,NA,39,247,DH,NA,NA,NA,NA,NA,NA,NA,NA,NA,NA,NA,NA,NA,NA,NA,NA,NA,NA,NA,NA,NA,NA,NA,NA,NA,NA,NA,NA,NA,NA,NA,NA,NA,NA,NA,NA,NA,NA,NA,NA,NA,NA,NA,NA,NA,NA,NA,NA,NA,NA,NA,NA,NA,NA,NA,NA,NA,NA,NA,NA,NA,NA,NA,NA,NA,NA,NA,NA
M,NA,8_31_2017,10:30,0,0,NA,NA,43,294,DH,R,642.5916667,602.7757009,-2.520750626,0.144378349,-10.16173698,0.144378349,0.531481481,0.5,0.002385366,-0.005895439,0.534882842,0.5,0.011844064,-0.021212121,0,0,664.7282609,575.5386473,-14.27585639,0.003931949,-46.86292456,0.003931949,0.562801932,0.47826087,0.015974967,-0.020503953,0.579861111,0.458333333,0.058090829,-0.073412698,2222,NSD,27.44444444,9.702777778,0.497431036,0.469971501,9,9,3,3,3,3,3,3,0.280774161,0.854435595,0.500437637,0,1,0.368330465,1,1,0.282715487,0.982856666,0.00589797,0.802963874,low,low,30.01785714,40.8125,30.01785714,0.333333333,2,2,1,0.545215797,0.456110155
F,NA,9_6_2017,3:11,0,0,NA,NA,5,283,DH,NA,NA,NA,NA,NA,NA,NA,NA,NA,NA,NA,NA,NA,NA,NA,NA,NA,NA,NA,NA,NA,NA,NA,NA,NA,NA,NA,NA,NA,NA,NA,NA,NA,NA,NA,NA,NA,NA,NA,NA,NA,NA,NA,NA,NA,NA,NA,NA,NA,NA,NA,NA,NA,NA,NA,NA,NA,NA,NA,NA,NA,NA,NA,NA,NA,NA,NA,NA
F,NA,9_13_2017,10:50,0,0,NA,NA,3,284,DH,NA,NA,NA,NA,NA,NA,NA,NA,NA,NA,NA,NA,NA,NA,NA,NA,NA,NA,NA,NA,NA,NA,NA,NA,NA,NA,NA,NA,NA,NA,NA,3248,DNS,78.88888889,8.744444444,0.452704293,0.391403698,9,9,3,3,3,3,3,3,0.323617489,0.587379973,0.410483322,0,0.102389078,1,0,1,0.472085703,0.379194485,0.008941473,0.46313074,low,non,25.45714286,15.175,25.45714286,0.6,1,1,2,0.440493594,0.367463026
M,NA,9_6_2017,1:42,0,0,NA,NA,NA,NA,DH,NA,NA,NA,NA,NA,NA,NA,NA,NA,NA,NA,NA,NA,NA,NA,NA,NA,NA,NA,NA,NA,NA,NA,NA,NA,NA,NA,NA,NA,NA,NA,1992,DSN,34.16666667,3.804,0.459845908,0,6,2,3,1,2,0,1,1,1,0.501530175,0.128772636,NA,0,0,1,0,0.162181574,0.838465911,NA,NA,non,low,97.5875,52.46475,97.5875,0,1,0,0,0.54343427,0
M,NA,12_13_2017,11:18,0,0,NA,NA,NA,NA,KW,R,621.4916667,655.5214953,1.535752227,0.553646297,4.796961889,0.553646297,0.5,0.5,-0.003337041,0.003337041,0.503401361,0.5,-0.008245723,0.01010101,0,0,643.1630435,640.5024155,-1.273221344,0.976091676,-2.098395631,0.976091676,0.52173913,0.47826087,-1.74E-17,-1.05E-17,0.520833333,0.479166667,-0.001984127,0.001984127,2236,NSD,58.55555556,3.019444444,0.512842479,0.525555556,9,6,3,3,3,2,1,3,0.376443418,0.587771203,0.599056604,0.5,1,0.5,0,1,0.007103019,0.359375,0.194352488,0.89515883,low,non,26.440625,28.60555556,26.440625,0.5,2,1,2,0.521090408,0.666666667
M,NA,10_31_2017,1:27,0,0,NA,NA,NA,NA,DH,L,674.1833333,663.4654206,-5.230419558,0.912405327,-15.0213591,0.912405327,0.468518519,0.45,0.004535904,0.013014461,0.472486772,0.45,0.015295815,0.041414141,0,0,722.2717391,665.6256039,-10.24736495,0.83673199,-27.6744325,0.83673199,0.471014493,0.402173913,0.010924462,0.013092885,0.472222222,0.40625,0.027336861,0.04265873,NA,NA,NA,NA,NA,NA,NA,NA,NA,NA,NA,NA,NA,NA,NA,NA,NA,NA,NA,NA,NA,NA,NA,NA,NA,NA,NA,NA,NA,NA,NA,NA,NA,NA,NA,NA,NA
M,NA,10_10_2017,1:46,0,0,NA,NA,NA,NA,DH,NA,NA,NA,NA,NA,NA,NA,NA,NA,NA,NA,NA,NA,NA,NA,NA,NA,NA,NA,NA,NA,NA,NA,NA,NA,NA,NA,NA,NA,NA,NA,2160,SND,40.33333333,6.352777778,0.479258264,0.368890208,9,9,3,3,3,3,3,3,0.420700512,0.357804968,0.631561462,0.460869565,0.042553191,0.406504065,1,0,0.444691774,0.718548344,0.031364904,0.33462681,non,low,19.92766667,16.69475,19.92766667,0.5,1,1,3,0.470022314,0.303308941
F,NA,8_24_2017,1:20,0,0,NA,NA,NA,NA,DH,L,672.8833333,674.717757,-3.63512805,0.353535968,-12.03542673,0.353535968,0.457407407,0.466666667,0.002929181,0.008453838,0.460808768,0.466666667,0.012068531,0.024242424,0,0,701.8804348,671.705314,-8.526350461,0.238552391,-26.80907578,0.238552391,0.466183575,0.434782609,0.009497145,0.007905138,0.467592593,0.4375,0.027777778,0.021825397,2878,SDN,55.33333333,3.25,0.479881165,0.442386831,9,6,3,3,3,2,2,2,0.245874587,0.543624161,0.36163522,0.327160494,0.5,0.5,0,0,0.316569151,0.874206379,0.029823873,0.824140896,non,non,37.46071429,72.849375,37.46071429,0.666666667,2,2,2,0.383711323,0.442386831
M,NA,9_13_2017,11:48,0,0,NA,NA,NA,NA,DH,NA,NA,NA,NA,NA,NA,NA,NA,NA,NA,NA,NA,NA,NA,NA,NA,NA,NA,NA,NA,NA,NA,NA,NA,NA,NA,NA,NA,NA,NA,NA,2115,DNS,44,9.591666667,0.505036627,0.487434793,9,9,3,3,3,3,3,3,0.475184957,0.510387306,0.425423495,0.365811966,0.56232687,0.305555556,0,0,0.618006066,0.950714853,0.206333699,0.926348008,non,non,15.58183333,39.86171429,17.954,0.5,2,2,2,0.470331919,0.411231464
F,NA,10_31_2017,3:28,0,0,NA,NA,NA,NA,DH,R,673.7583333,626.7121495,3.306553741,0.661671756,6.092745035,0.661671756,0.508404558,0.458333333,-0.00344067,0.0067297,0.50952381,0.458333333,-0.005804072,0.015656566,0,0,694.5326087,615.5362319,4.262077295,0.341874474,4.795485578,0.341874474,0.52173913,0.434782609,-0.003897672,0.007658103,0.53125,0.4375,0.003196649,0.013888889,NA,NA,NA,NA,NA,NA,NA,NA,NA,NA,NA,NA,NA,NA,NA,NA,NA,NA,NA,NA,NA,NA,NA,NA,NA,NA,NA,NA,NA,NA,NA,NA,NA,NA,NA,NA,NA
F,NA,10_10_2017,1:26,0,0,NA,NA,NA,NA,DH,NA,NA,NA,NA,NA,NA,NA,NA,NA,NA,NA,NA,NA,NA,NA,NA,NA,NA,NA,NA,NA,NA,NA,NA,NA,NA,NA,NA,NA,NA,NA,2351,SND,47.88888889,4.488777778,0.445084084,0.683720883,9,9,3,3,3,3,3,3,0.499079005,0.455822276,0.153493792,1,0.784153005,0.832545632,0,3,0.950874074,0.557401048,0.010071514,0.227799994,low,non,43.4425,17.868875,8.713,0.6,2,2,2,0.369465024,0.872232879
F,NA,8_24_2017,1:02,0,0,NA,NA,NA,NA,DH,L,644.3,609.6392523,0.356992752,0.049790662,-0.768841653,0.049790662,0.527777778,0.491666667,-0.001149425,0.010956618,0.531179138,0.491666667,3.96E-04,0.032828283,1,1,654.0978261,618.2584541,1.750988142,0.197764804,-1.078170336,0.197764804,0.524154589,0.47826087,-0.001262626,0.018280632,0.524305556,0.484375,0.002535273,0.049107143,3227,SDN,140,1.474666667,0.463991939,0.556247786,9,9,3,3,3,3,3,3,0.204949367,0.825218133,0.397760844,0.249520154,0.791552386,0.694041868,1,2,0.055729617,0.749197585,0.100074916,0.690176938,low,low,8.920857143,10.70911111,8.920857143,0.571428571,1,2,2,0.475976115,0.578371469
